"Date","Source","Site ID","POC","Daily Max 8-hour CO Concentration","UNITS","DAILY_AQI_VALUE","Site Name","DAILY_OBS_COUNT","PERCENT_COMPLETE","AQS_PARAMETER_CODE","AQS_PARAMETER_DESC","CBSA_CODE","CBSA_NAME","STATE_CODE","STATE","COUNTY_CODE","COUNTY","SITE_LATITUDE","SITE_LONGITUDE"
"01/01/2022","AQS","550270001","1","0.2","ppm","2","HORICON WILDLIFE AREA","18","75.0000","42101","Carbon monoxide","13180","Beaver Dam, WI","55","Wisconsin","027","Dodge","43.46611","-88.62111"
"01/02/2022","AQS","550270001","1","0.3","ppm","3","HORICON WILDLIFE AREA","24","100.0000","42101","Carbon monoxide","13180","Beaver Dam, WI","55","Wisconsin","027","Dodge","43.46611","-88.62111"
"01/03/2022","AQS","550270001","1","0.3","ppm","3","HORICON WILDLIFE AREA","24","100.0000","42101","Carbon monoxide","13180","Beaver Dam, WI","55","Wisconsin","027","Dodge","43.46611","-88.62111"
"01/04/2022","AQS","550270001","1","0.3","ppm","3","HORICON WILDLIFE AREA","17","71.0000","42101","Carbon monoxide","13180","Beaver Dam, WI","55","Wisconsin","027","Dodge","43.46611","-88.62111"
"01/05/2022","AQS","550270001","1","0.3","ppm","3","HORICON WILDLIFE AREA","24","100.0000","42101","Carbon monoxide","13180","Beaver Dam, WI","55","Wisconsin","027","Dodge","43.46611","-88.62111"
"01/06/2022","AQS","550270001","1","0.2","ppm","2","HORICON WILDLIFE AREA","24","100.0000","42101","Carbon monoxide","13180","Beaver Dam, WI","55","Wisconsin","027","Dodge","43.46611","-88.62111"
"01/07/2022","AQS","550270001","1","0.3","ppm","3","HORICON WILDLIFE AREA","24","100.0000","42101","Carbon monoxide","13180","Beaver Dam, WI","55","Wisconsin","027","Dodge","43.46611","-88.62111"
"01/08/2022","AQS","550270001","1","0.3","ppm","3","HORICON WILDLIFE AREA","24","100.0000","42101","Carbon monoxide","13180","Beaver Dam, WI","55","Wisconsin","027","Dodge","43.46611","-88.62111"
"01/09/2022","AQS","550270001","1","0.3","ppm","3","HORICON WILDLIFE AREA","24","100.0000","42101","Carbon monoxide","13180","Beaver Dam, WI","55","Wisconsin","027","Dodge","43.46611","-88.62111"
"01/10/2022","AQS","550270001","1","0.3","ppm","3","HORICON WILDLIFE AREA","24","100.0000","42101","Carbon monoxide","13180","Beaver Dam, WI","55","Wisconsin","027","Dodge","43.46611","-88.62111"
"01/11/2022","AQS","550270001","1","0.3","ppm","3","HORICON WILDLIFE AREA","24","100.0000","42101","Carbon monoxide","13180","Beaver Dam, WI","55","Wisconsin","027","Dodge","43.46611","-88.62111"
"01/12/2022","AQS","550270001","1","0.3","ppm","3","HORICON WILDLIFE AREA","24","100.0000","42101","Carbon monoxide","13180","Beaver Dam, WI","55","Wisconsin","027","Dodge","43.46611","-88.62111"
"01/13/2022","AQS","550270001","1","0.3","ppm","3","HORICON WILDLIFE AREA","24","100.0000","42101","Carbon monoxide","13180","Beaver Dam, WI","55","Wisconsin","027","Dodge","43.46611","-88.62111"
"01/14/2022","AQS","550270001","1","0.3","ppm","3","HORICON WILDLIFE AREA","24","100.0000","42101","Carbon monoxide","13180","Beaver Dam, WI","55","Wisconsin","027","Dodge","43.46611","-88.62111"
"01/15/2022","AQS","550270001","1","0.2","ppm","2","HORICON WILDLIFE AREA","24","100.0000","42101","Carbon monoxide","13180","Beaver Dam, WI","55","Wisconsin","027","Dodge","43.46611","-88.62111"
"01/16/2022","AQS","550270001","1","0.3","ppm","3","HORICON WILDLIFE AREA","24","100.0000","42101","Carbon monoxide","13180","Beaver Dam, WI","55","Wisconsin","027","Dodge","43.46611","-88.62111"
"01/17/2022","AQS","550270001","1","0.3","ppm","3","HORICON WILDLIFE AREA","24","100.0000","42101","Carbon monoxide","13180","Beaver Dam, WI","55","Wisconsin","027","Dodge","43.46611","-88.62111"
"01/18/2022","AQS","550270001","1","0.3","ppm","3","HORICON WILDLIFE AREA","20","83.0000","42101","Carbon monoxide","13180","Beaver Dam, WI","55","Wisconsin","027","Dodge","43.46611","-88.62111"
"01/19/2022","AQS","550270001","1","0.3","ppm","3","HORICON WILDLIFE AREA","24","100.0000","42101","Carbon monoxide","13180","Beaver Dam, WI","55","Wisconsin","027","Dodge","43.46611","-88.62111"
"01/20/2022","AQS","550270001","1","0.3","ppm","3","HORICON WILDLIFE AREA","24","100.0000","42101","Carbon monoxide","13180","Beaver Dam, WI","55","Wisconsin","027","Dodge","43.46611","-88.62111"
"01/21/2022","AQS","550270001","1","0.4","ppm","5","HORICON WILDLIFE AREA","24","100.0000","42101","Carbon monoxide","13180","Beaver Dam, WI","55","Wisconsin","027","Dodge","43.46611","-88.62111"
"01/22/2022","AQS","550270001","1","0.3","ppm","3","HORICON WILDLIFE AREA","24","100.0000","42101","Carbon monoxide","13180","Beaver Dam, WI","55","Wisconsin","027","Dodge","43.46611","-88.62111"
"01/23/2022","AQS","550270001","1","0.3","ppm","3","HORICON WILDLIFE AREA","24","100.0000","42101","Carbon monoxide","13180","Beaver Dam, WI","55","Wisconsin","027","Dodge","43.46611","-88.62111"
"01/24/2022","AQS","550270001","1","0.3","ppm","3","HORICON WILDLIFE AREA","24","100.0000","42101","Carbon monoxide","13180","Beaver Dam, WI","55","Wisconsin","027","Dodge","43.46611","-88.62111"
"01/25/2022","AQS","550270001","1","0.2","ppm","2","HORICON WILDLIFE AREA","24","100.0000","42101","Carbon monoxide","13180","Beaver Dam, WI","55","Wisconsin","027","Dodge","43.46611","-88.62111"
"01/26/2022","AQS","550270001","1","0.3","ppm","3","HORICON WILDLIFE AREA","24","100.0000","42101","Carbon monoxide","13180","Beaver Dam, WI","55","Wisconsin","027","Dodge","43.46611","-88.62111"
"01/27/2022","AQS","550270001","1","0.3","ppm","3","HORICON WILDLIFE AREA","24","100.0000","42101","Carbon monoxide","13180","Beaver Dam, WI","55","Wisconsin","027","Dodge","43.46611","-88.62111"
"01/28/2022","AQS","550270001","1","0.3","ppm","3","HORICON WILDLIFE AREA","24","100.0000","42101","Carbon monoxide","13180","Beaver Dam, WI","55","Wisconsin","027","Dodge","43.46611","-88.62111"
"01/29/2022","AQS","550270001","1","0.4","ppm","5","HORICON WILDLIFE AREA","24","100.0000","42101","Carbon monoxide","13180","Beaver Dam, WI","55","Wisconsin","027","Dodge","43.46611","-88.62111"
"01/30/2022","AQS","550270001","1","0.4","ppm","5","HORICON WILDLIFE AREA","24","100.0000","42101","Carbon monoxide","13180","Beaver Dam, WI","55","Wisconsin","027","Dodge","43.46611","-88.62111"
"01/31/2022","AQS","550270001","1","0.4","ppm","5","HORICON WILDLIFE AREA","24","100.0000","42101","Carbon monoxide","13180","Beaver Dam, WI","55","Wisconsin","027","Dodge","43.46611","-88.62111"
"02/01/2022","AQS","550270001","1","0.4","ppm","5","HORICON WILDLIFE AREA","24","100.0000","42101","Carbon monoxide","13180","Beaver Dam, WI","55","Wisconsin","027","Dodge","43.46611","-88.62111"
"02/02/2022","AQS","550270001","1","0.3","ppm","3","HORICON WILDLIFE AREA","24","100.0000","42101","Carbon monoxide","13180","Beaver Dam, WI","55","Wisconsin","027","Dodge","43.46611","-88.62111"
"02/03/2022","AQS","550270001","1","0.3","ppm","3","HORICON WILDLIFE AREA","24","100.0000","42101","Carbon monoxide","13180","Beaver Dam, WI","55","Wisconsin","027","Dodge","43.46611","-88.62111"
"02/04/2022","AQS","550270001","1","0.3","ppm","3","HORICON WILDLIFE AREA","24","100.0000","42101","Carbon monoxide","13180","Beaver Dam, WI","55","Wisconsin","027","Dodge","43.46611","-88.62111"
"02/05/2022","AQS","550270001","1","0.3","ppm","3","HORICON WILDLIFE AREA","24","100.0000","42101","Carbon monoxide","13180","Beaver Dam, WI","55","Wisconsin","027","Dodge","43.46611","-88.62111"
"02/06/2022","AQS","550270001","1","0.3","ppm","3","HORICON WILDLIFE AREA","24","100.0000","42101","Carbon monoxide","13180","Beaver Dam, WI","55","Wisconsin","027","Dodge","43.46611","-88.62111"
"02/07/2022","AQS","550270001","1","0.3","ppm","3","HORICON WILDLIFE AREA","24","100.0000","42101","Carbon monoxide","13180","Beaver Dam, WI","55","Wisconsin","027","Dodge","43.46611","-88.62111"
"02/08/2022","AQS","550270001","1","0.3","ppm","3","HORICON WILDLIFE AREA","24","100.0000","42101","Carbon monoxide","13180","Beaver Dam, WI","55","Wisconsin","027","Dodge","43.46611","-88.62111"
"02/09/2022","AQS","550270001","1","0.3","ppm","3","HORICON WILDLIFE AREA","24","100.0000","42101","Carbon monoxide","13180","Beaver Dam, WI","55","Wisconsin","027","Dodge","43.46611","-88.62111"
"02/10/2022","AQS","550270001","1","0.3","ppm","3","HORICON WILDLIFE AREA","24","100.0000","42101","Carbon monoxide","13180","Beaver Dam, WI","55","Wisconsin","027","Dodge","43.46611","-88.62111"
"02/11/2022","AQS","550270001","1","0.3","ppm","3","HORICON WILDLIFE AREA","24","100.0000","42101","Carbon monoxide","13180","Beaver Dam, WI","55","Wisconsin","027","Dodge","43.46611","-88.62111"
"02/12/2022","AQS","550270001","1","0.3","ppm","3","HORICON WILDLIFE AREA","24","100.0000","42101","Carbon monoxide","13180","Beaver Dam, WI","55","Wisconsin","027","Dodge","43.46611","-88.62111"
"02/13/2022","AQS","550270001","1","0.3","ppm","3","HORICON WILDLIFE AREA","24","100.0000","42101","Carbon monoxide","13180","Beaver Dam, WI","55","Wisconsin","027","Dodge","43.46611","-88.62111"
"02/14/2022","AQS","550270001","1","0.3","ppm","3","HORICON WILDLIFE AREA","16","67.0000","42101","Carbon monoxide","13180","Beaver Dam, WI","55","Wisconsin","027","Dodge","43.46611","-88.62111"
"02/15/2022","AQS","550270001","1","0.5","ppm","6","HORICON WILDLIFE AREA","24","100.0000","42101","Carbon monoxide","13180","Beaver Dam, WI","55","Wisconsin","027","Dodge","43.46611","-88.62111"
"02/16/2022","AQS","550270001","1","0.3","ppm","3","HORICON WILDLIFE AREA","24","100.0000","42101","Carbon monoxide","13180","Beaver Dam, WI","55","Wisconsin","027","Dodge","43.46611","-88.62111"
"02/17/2022","AQS","550270001","1","0.2","ppm","2","HORICON WILDLIFE AREA","24","100.0000","42101","Carbon monoxide","13180","Beaver Dam, WI","55","Wisconsin","027","Dodge","43.46611","-88.62111"
"02/18/2022","AQS","550270001","1","0.2","ppm","2","HORICON WILDLIFE AREA","24","100.0000","42101","Carbon monoxide","13180","Beaver Dam, WI","55","Wisconsin","027","Dodge","43.46611","-88.62111"
"02/19/2022","AQS","550270001","1","0.2","ppm","2","HORICON WILDLIFE AREA","24","100.0000","42101","Carbon monoxide","13180","Beaver Dam, WI","55","Wisconsin","027","Dodge","43.46611","-88.62111"
"02/20/2022","AQS","550270001","1","0.3","ppm","3","HORICON WILDLIFE AREA","24","100.0000","42101","Carbon monoxide","13180","Beaver Dam, WI","55","Wisconsin","027","Dodge","43.46611","-88.62111"
"02/21/2022","AQS","550270001","1","0.2","ppm","2","HORICON WILDLIFE AREA","24","100.0000","42101","Carbon monoxide","13180","Beaver Dam, WI","55","Wisconsin","027","Dodge","43.46611","-88.62111"
"02/22/2022","AQS","550270001","1","0.2","ppm","2","HORICON WILDLIFE AREA","24","100.0000","42101","Carbon monoxide","13180","Beaver Dam, WI","55","Wisconsin","027","Dodge","43.46611","-88.62111"
"02/23/2022","AQS","550270001","1","0.2","ppm","2","HORICON WILDLIFE AREA","24","100.0000","42101","Carbon monoxide","13180","Beaver Dam, WI","55","Wisconsin","027","Dodge","43.46611","-88.62111"
"02/24/2022","AQS","550270001","1","0.2","ppm","2","HORICON WILDLIFE AREA","24","100.0000","42101","Carbon monoxide","13180","Beaver Dam, WI","55","Wisconsin","027","Dodge","43.46611","-88.62111"
"02/25/2022","AQS","550270001","1","0.2","ppm","2","HORICON WILDLIFE AREA","24","100.0000","42101","Carbon monoxide","13180","Beaver Dam, WI","55","Wisconsin","027","Dodge","43.46611","-88.62111"
"02/26/2022","AQS","550270001","1","0.3","ppm","3","HORICON WILDLIFE AREA","24","100.0000","42101","Carbon monoxide","13180","Beaver Dam, WI","55","Wisconsin","027","Dodge","43.46611","-88.62111"
"02/27/2022","AQS","550270001","1","0.3","ppm","3","HORICON WILDLIFE AREA","24","100.0000","42101","Carbon monoxide","13180","Beaver Dam, WI","55","Wisconsin","027","Dodge","43.46611","-88.62111"
"02/28/2022","AQS","550270001","1","0.3","ppm","3","HORICON WILDLIFE AREA","24","100.0000","42101","Carbon monoxide","13180","Beaver Dam, WI","55","Wisconsin","027","Dodge","43.46611","-88.62111"
"03/01/2022","AQS","550270001","1","0.2","ppm","2","HORICON WILDLIFE AREA","23","96.0000","42101","Carbon monoxide","13180","Beaver Dam, WI","55","Wisconsin","027","Dodge","43.46611","-88.62111"
"03/02/2022","AQS","550270001","1","0.3","ppm","3","HORICON WILDLIFE AREA","24","100.0000","42101","Carbon monoxide","13180","Beaver Dam, WI","55","Wisconsin","027","Dodge","43.46611","-88.62111"
"03/03/2022","AQS","550270001","1","0.2","ppm","2","HORICON WILDLIFE AREA","24","100.0000","42101","Carbon monoxide","13180","Beaver Dam, WI","55","Wisconsin","027","Dodge","43.46611","-88.62111"
"03/04/2022","AQS","550270001","1","0.2","ppm","2","HORICON WILDLIFE AREA","24","100.0000","42101","Carbon monoxide","13180","Beaver Dam, WI","55","Wisconsin","027","Dodge","43.46611","-88.62111"
"03/05/2022","AQS","550270001","1","0.3","ppm","3","HORICON WILDLIFE AREA","24","100.0000","42101","Carbon monoxide","13180","Beaver Dam, WI","55","Wisconsin","027","Dodge","43.46611","-88.62111"
"03/06/2022","AQS","550270001","1","0.3","ppm","3","HORICON WILDLIFE AREA","24","100.0000","42101","Carbon monoxide","13180","Beaver Dam, WI","55","Wisconsin","027","Dodge","43.46611","-88.62111"
"03/07/2022","AQS","550270001","1","0.2","ppm","2","HORICON WILDLIFE AREA","9","38.0000","42101","Carbon monoxide","13180","Beaver Dam, WI","55","Wisconsin","027","Dodge","43.46611","-88.62111"
"03/08/2022","AQS","550270001","1","0.2","ppm","2","HORICON WILDLIFE AREA","10","42.0000","42101","Carbon monoxide","13180","Beaver Dam, WI","55","Wisconsin","027","Dodge","43.46611","-88.62111"
"03/09/2022","AQS","550270001","1","0.2","ppm","2","HORICON WILDLIFE AREA","24","100.0000","42101","Carbon monoxide","13180","Beaver Dam, WI","55","Wisconsin","027","Dodge","43.46611","-88.62111"
"03/10/2022","AQS","550270001","1","0.2","ppm","2","HORICON WILDLIFE AREA","24","100.0000","42101","Carbon monoxide","13180","Beaver Dam, WI","55","Wisconsin","027","Dodge","43.46611","-88.62111"
"03/11/2022","AQS","550270001","1","0.3","ppm","3","HORICON WILDLIFE AREA","24","100.0000","42101","Carbon monoxide","13180","Beaver Dam, WI","55","Wisconsin","027","Dodge","43.46611","-88.62111"
"03/12/2022","AQS","550270001","1","0.2","ppm","2","HORICON WILDLIFE AREA","24","100.0000","42101","Carbon monoxide","13180","Beaver Dam, WI","55","Wisconsin","027","Dodge","43.46611","-88.62111"
"03/13/2022","AQS","550270001","1","0.3","ppm","3","HORICON WILDLIFE AREA","24","100.0000","42101","Carbon monoxide","13180","Beaver Dam, WI","55","Wisconsin","027","Dodge","43.46611","-88.62111"
"03/14/2022","AQS","550270001","1","0.3","ppm","3","HORICON WILDLIFE AREA","24","100.0000","42101","Carbon monoxide","13180","Beaver Dam, WI","55","Wisconsin","027","Dodge","43.46611","-88.62111"
"03/15/2022","AQS","550270001","1","0.3","ppm","3","HORICON WILDLIFE AREA","24","100.0000","42101","Carbon monoxide","13180","Beaver Dam, WI","55","Wisconsin","027","Dodge","43.46611","-88.62111"
"03/16/2022","AQS","550270001","1","0.3","ppm","3","HORICON WILDLIFE AREA","24","100.0000","42101","Carbon monoxide","13180","Beaver Dam, WI","55","Wisconsin","027","Dodge","43.46611","-88.62111"
"03/17/2022","AQS","550270001","1","0.3","ppm","3","HORICON WILDLIFE AREA","24","100.0000","42101","Carbon monoxide","13180","Beaver Dam, WI","55","Wisconsin","027","Dodge","43.46611","-88.62111"
"03/18/2022","AQS","550270001","1","0.3","ppm","3","HORICON WILDLIFE AREA","24","100.0000","42101","Carbon monoxide","13180","Beaver Dam, WI","55","Wisconsin","027","Dodge","43.46611","-88.62111"
"03/19/2022","AQS","550270001","1","0.2","ppm","2","HORICON WILDLIFE AREA","24","100.0000","42101","Carbon monoxide","13180","Beaver Dam, WI","55","Wisconsin","027","Dodge","43.46611","-88.62111"
"03/20/2022","AQS","550270001","1","0.3","ppm","3","HORICON WILDLIFE AREA","24","100.0000","42101","Carbon monoxide","13180","Beaver Dam, WI","55","Wisconsin","027","Dodge","43.46611","-88.62111"
"03/21/2022","AQS","550270001","1","0.3","ppm","3","HORICON WILDLIFE AREA","24","100.0000","42101","Carbon monoxide","13180","Beaver Dam, WI","55","Wisconsin","027","Dodge","43.46611","-88.62111"
"03/22/2022","AQS","550270001","1","0.3","ppm","3","HORICON WILDLIFE AREA","20","83.0000","42101","Carbon monoxide","13180","Beaver Dam, WI","55","Wisconsin","027","Dodge","43.46611","-88.62111"
"03/23/2022","AQS","550270001","1","0.3","ppm","3","HORICON WILDLIFE AREA","24","100.0000","42101","Carbon monoxide","13180","Beaver Dam, WI","55","Wisconsin","027","Dodge","43.46611","-88.62111"
"03/24/2022","AQS","550270001","1","0.2","ppm","2","HORICON WILDLIFE AREA","24","100.0000","42101","Carbon monoxide","13180","Beaver Dam, WI","55","Wisconsin","027","Dodge","43.46611","-88.62111"
"03/25/2022","AQS","550270001","1","0.2","ppm","2","HORICON WILDLIFE AREA","24","100.0000","42101","Carbon monoxide","13180","Beaver Dam, WI","55","Wisconsin","027","Dodge","43.46611","-88.62111"
"03/26/2022","AQS","550270001","1","0.2","ppm","2","HORICON WILDLIFE AREA","24","100.0000","42101","Carbon monoxide","13180","Beaver Dam, WI","55","Wisconsin","027","Dodge","43.46611","-88.62111"
"03/27/2022","AQS","550270001","1","0.2","ppm","2","HORICON WILDLIFE AREA","24","100.0000","42101","Carbon monoxide","13180","Beaver Dam, WI","55","Wisconsin","027","Dodge","43.46611","-88.62111"
"03/28/2022","AQS","550270001","1","0.2","ppm","2","HORICON WILDLIFE AREA","24","100.0000","42101","Carbon monoxide","13180","Beaver Dam, WI","55","Wisconsin","027","Dodge","43.46611","-88.62111"
"03/29/2022","AQS","550270001","1","0.3","ppm","3","HORICON WILDLIFE AREA","24","100.0000","42101","Carbon monoxide","13180","Beaver Dam, WI","55","Wisconsin","027","Dodge","43.46611","-88.62111"
"03/30/2022","AQS","550270001","1","0.3","ppm","3","HORICON WILDLIFE AREA","24","100.0000","42101","Carbon monoxide","13180","Beaver Dam, WI","55","Wisconsin","027","Dodge","43.46611","-88.62111"
"03/31/2022","AQS","550270001","1","0.3","ppm","3","HORICON WILDLIFE AREA","24","100.0000","42101","Carbon monoxide","13180","Beaver Dam, WI","55","Wisconsin","027","Dodge","43.46611","-88.62111"
"04/01/2022","AQS","550270001","1","0.2","ppm","2","HORICON WILDLIFE AREA","24","100.0000","42101","Carbon monoxide","13180","Beaver Dam, WI","55","Wisconsin","027","Dodge","43.46611","-88.62111"
"04/02/2022","AQS","550270001","1","0.3","ppm","3","HORICON WILDLIFE AREA","24","100.0000","42101","Carbon monoxide","13180","Beaver Dam, WI","55","Wisconsin","027","Dodge","43.46611","-88.62111"
"04/03/2022","AQS","550270001","1","0.3","ppm","3","HORICON WILDLIFE AREA","24","100.0000","42101","Carbon monoxide","13180","Beaver Dam, WI","55","Wisconsin","027","Dodge","43.46611","-88.62111"
"04/04/2022","AQS","550270001","1","0.2","ppm","2","HORICON WILDLIFE AREA","24","100.0000","42101","Carbon monoxide","13180","Beaver Dam, WI","55","Wisconsin","027","Dodge","43.46611","-88.62111"
"04/05/2022","AQS","550270001","1","0.2","ppm","2","HORICON WILDLIFE AREA","16","67.0000","42101","Carbon monoxide","13180","Beaver Dam, WI","55","Wisconsin","027","Dodge","43.46611","-88.62111"
"04/06/2022","AQS","550270001","1","0.2","ppm","2","HORICON WILDLIFE AREA","24","100.0000","42101","Carbon monoxide","13180","Beaver Dam, WI","55","Wisconsin","027","Dodge","43.46611","-88.62111"
"04/07/2022","AQS","550270001","1","0.2","ppm","2","HORICON WILDLIFE AREA","24","100.0000","42101","Carbon monoxide","13180","Beaver Dam, WI","55","Wisconsin","027","Dodge","43.46611","-88.62111"
"04/08/2022","AQS","550270001","1","0.2","ppm","2","HORICON WILDLIFE AREA","24","100.0000","42101","Carbon monoxide","13180","Beaver Dam, WI","55","Wisconsin","027","Dodge","43.46611","-88.62111"
"04/09/2022","AQS","550270001","1","0.2","ppm","2","HORICON WILDLIFE AREA","24","100.0000","42101","Carbon monoxide","13180","Beaver Dam, WI","55","Wisconsin","027","Dodge","43.46611","-88.62111"
"04/10/2022","AQS","550270001","1","0.2","ppm","2","HORICON WILDLIFE AREA","24","100.0000","42101","Carbon monoxide","13180","Beaver Dam, WI","55","Wisconsin","027","Dodge","43.46611","-88.62111"
"04/11/2022","AQS","550270001","1","0.2","ppm","2","HORICON WILDLIFE AREA","24","100.0000","42101","Carbon monoxide","13180","Beaver Dam, WI","55","Wisconsin","027","Dodge","43.46611","-88.62111"
"04/12/2022","AQS","550270001","1","0.2","ppm","2","HORICON WILDLIFE AREA","21","88.0000","42101","Carbon monoxide","13180","Beaver Dam, WI","55","Wisconsin","027","Dodge","43.46611","-88.62111"
"04/13/2022","AQS","550270001","1","0.2","ppm","2","HORICON WILDLIFE AREA","24","100.0000","42101","Carbon monoxide","13180","Beaver Dam, WI","55","Wisconsin","027","Dodge","43.46611","-88.62111"
"04/14/2022","AQS","550270001","1","0.1","ppm","1","HORICON WILDLIFE AREA","24","100.0000","42101","Carbon monoxide","13180","Beaver Dam, WI","55","Wisconsin","027","Dodge","43.46611","-88.62111"
"04/15/2022","AQS","550270001","1","0.2","ppm","2","HORICON WILDLIFE AREA","24","100.0000","42101","Carbon monoxide","13180","Beaver Dam, WI","55","Wisconsin","027","Dodge","43.46611","-88.62111"
"04/16/2022","AQS","550270001","1","0.2","ppm","2","HORICON WILDLIFE AREA","24","100.0000","42101","Carbon monoxide","13180","Beaver Dam, WI","55","Wisconsin","027","Dodge","43.46611","-88.62111"
"04/17/2022","AQS","550270001","1","0.2","ppm","2","HORICON WILDLIFE AREA","24","100.0000","42101","Carbon monoxide","13180","Beaver Dam, WI","55","Wisconsin","027","Dodge","43.46611","-88.62111"
"04/18/2022","AQS","550270001","1","0.2","ppm","2","HORICON WILDLIFE AREA","24","100.0000","42101","Carbon monoxide","13180","Beaver Dam, WI","55","Wisconsin","027","Dodge","43.46611","-88.62111"
"04/19/2022","AQS","550270001","1","0.2","ppm","2","HORICON WILDLIFE AREA","24","100.0000","42101","Carbon monoxide","13180","Beaver Dam, WI","55","Wisconsin","027","Dodge","43.46611","-88.62111"
"04/20/2022","AQS","550270001","1","0.2","ppm","2","HORICON WILDLIFE AREA","24","100.0000","42101","Carbon monoxide","13180","Beaver Dam, WI","55","Wisconsin","027","Dodge","43.46611","-88.62111"
"04/21/2022","AQS","550270001","1","0.2","ppm","2","HORICON WILDLIFE AREA","24","100.0000","42101","Carbon monoxide","13180","Beaver Dam, WI","55","Wisconsin","027","Dodge","43.46611","-88.62111"
"04/22/2022","AQS","550270001","1","0.2","ppm","2","HORICON WILDLIFE AREA","24","100.0000","42101","Carbon monoxide","13180","Beaver Dam, WI","55","Wisconsin","027","Dodge","43.46611","-88.62111"
"04/23/2022","AQS","550270001","1","0.2","ppm","2","HORICON WILDLIFE AREA","24","100.0000","42101","Carbon monoxide","13180","Beaver Dam, WI","55","Wisconsin","027","Dodge","43.46611","-88.62111"
"04/24/2022","AQS","550270001","1","0.2","ppm","2","HORICON WILDLIFE AREA","24","100.0000","42101","Carbon monoxide","13180","Beaver Dam, WI","55","Wisconsin","027","Dodge","43.46611","-88.62111"
"04/25/2022","AQS","550270001","1","0.2","ppm","2","HORICON WILDLIFE AREA","24","100.0000","42101","Carbon monoxide","13180","Beaver Dam, WI","55","Wisconsin","027","Dodge","43.46611","-88.62111"
"04/26/2022","AQS","550270001","1","0.2","ppm","2","HORICON WILDLIFE AREA","17","71.0000","42101","Carbon monoxide","13180","Beaver Dam, WI","55","Wisconsin","027","Dodge","43.46611","-88.62111"
"04/27/2022","AQS","550270001","1","0.2","ppm","2","HORICON WILDLIFE AREA","24","100.0000","42101","Carbon monoxide","13180","Beaver Dam, WI","55","Wisconsin","027","Dodge","43.46611","-88.62111"
"04/28/2022","AQS","550270001","1","0.2","ppm","2","HORICON WILDLIFE AREA","24","100.0000","42101","Carbon monoxide","13180","Beaver Dam, WI","55","Wisconsin","027","Dodge","43.46611","-88.62111"
"04/29/2022","AQS","550270001","1","0.2","ppm","2","HORICON WILDLIFE AREA","24","100.0000","42101","Carbon monoxide","13180","Beaver Dam, WI","55","Wisconsin","027","Dodge","43.46611","-88.62111"
"04/30/2022","AQS","550270001","1","0.2","ppm","2","HORICON WILDLIFE AREA","24","100.0000","42101","Carbon monoxide","13180","Beaver Dam, WI","55","Wisconsin","027","Dodge","43.46611","-88.62111"
"05/01/2022","AQS","550270001","1","0.2","ppm","2","HORICON WILDLIFE AREA","24","100.0000","42101","Carbon monoxide","13180","Beaver Dam, WI","55","Wisconsin","027","Dodge","43.46611","-88.62111"
"05/02/2022","AQS","550270001","1","0.2","ppm","2","HORICON WILDLIFE AREA","24","100.0000","42101","Carbon monoxide","13180","Beaver Dam, WI","55","Wisconsin","027","Dodge","43.46611","-88.62111"
"05/03/2022","AQS","550270001","1","0.2","ppm","2","HORICON WILDLIFE AREA","24","100.0000","42101","Carbon monoxide","13180","Beaver Dam, WI","55","Wisconsin","027","Dodge","43.46611","-88.62111"
"05/04/2022","AQS","550270001","1","0.2","ppm","2","HORICON WILDLIFE AREA","24","100.0000","42101","Carbon monoxide","13180","Beaver Dam, WI","55","Wisconsin","027","Dodge","43.46611","-88.62111"
"05/05/2022","AQS","550270001","1","0.2","ppm","2","HORICON WILDLIFE AREA","24","100.0000","42101","Carbon monoxide","13180","Beaver Dam, WI","55","Wisconsin","027","Dodge","43.46611","-88.62111"
"05/06/2022","AQS","550270001","1","0.2","ppm","2","HORICON WILDLIFE AREA","24","100.0000","42101","Carbon monoxide","13180","Beaver Dam, WI","55","Wisconsin","027","Dodge","43.46611","-88.62111"
"05/07/2022","AQS","550270001","1","0.2","ppm","2","HORICON WILDLIFE AREA","24","100.0000","42101","Carbon monoxide","13180","Beaver Dam, WI","55","Wisconsin","027","Dodge","43.46611","-88.62111"
"05/08/2022","AQS","550270001","1","0.2","ppm","2","HORICON WILDLIFE AREA","24","100.0000","42101","Carbon monoxide","13180","Beaver Dam, WI","55","Wisconsin","027","Dodge","43.46611","-88.62111"
"05/09/2022","AQS","550270001","1","0.2","ppm","2","HORICON WILDLIFE AREA","24","100.0000","42101","Carbon monoxide","13180","Beaver Dam, WI","55","Wisconsin","027","Dodge","43.46611","-88.62111"
"05/10/2022","AQS","550270001","1","0.3","ppm","3","HORICON WILDLIFE AREA","24","100.0000","42101","Carbon monoxide","13180","Beaver Dam, WI","55","Wisconsin","027","Dodge","43.46611","-88.62111"
"05/11/2022","AQS","550270001","1","0.3","ppm","3","HORICON WILDLIFE AREA","21","88.0000","42101","Carbon monoxide","13180","Beaver Dam, WI","55","Wisconsin","027","Dodge","43.46611","-88.62111"
"05/12/2022","AQS","550270001","1","0.2","ppm","2","HORICON WILDLIFE AREA","24","100.0000","42101","Carbon monoxide","13180","Beaver Dam, WI","55","Wisconsin","027","Dodge","43.46611","-88.62111"
"05/13/2022","AQS","550270001","1","0.2","ppm","2","HORICON WILDLIFE AREA","24","100.0000","42101","Carbon monoxide","13180","Beaver Dam, WI","55","Wisconsin","027","Dodge","43.46611","-88.62111"
"05/14/2022","AQS","550270001","1","0.2","ppm","2","HORICON WILDLIFE AREA","24","100.0000","42101","Carbon monoxide","13180","Beaver Dam, WI","55","Wisconsin","027","Dodge","43.46611","-88.62111"
"05/15/2022","AQS","550270001","1","0.2","ppm","2","HORICON WILDLIFE AREA","24","100.0000","42101","Carbon monoxide","13180","Beaver Dam, WI","55","Wisconsin","027","Dodge","43.46611","-88.62111"
"05/16/2022","AQS","550270001","1","0.1","ppm","1","HORICON WILDLIFE AREA","24","100.0000","42101","Carbon monoxide","13180","Beaver Dam, WI","55","Wisconsin","027","Dodge","43.46611","-88.62111"
"05/17/2022","AQS","550270001","1","0.1","ppm","1","HORICON WILDLIFE AREA","24","100.0000","42101","Carbon monoxide","13180","Beaver Dam, WI","55","Wisconsin","027","Dodge","43.46611","-88.62111"
"05/18/2022","AQS","550270001","1","0.2","ppm","2","HORICON WILDLIFE AREA","24","100.0000","42101","Carbon monoxide","13180","Beaver Dam, WI","55","Wisconsin","027","Dodge","43.46611","-88.62111"
"05/19/2022","AQS","550270001","1","0.2","ppm","2","HORICON WILDLIFE AREA","24","100.0000","42101","Carbon monoxide","13180","Beaver Dam, WI","55","Wisconsin","027","Dodge","43.46611","-88.62111"
"05/20/2022","AQS","550270001","1","0.2","ppm","2","HORICON WILDLIFE AREA","24","100.0000","42101","Carbon monoxide","13180","Beaver Dam, WI","55","Wisconsin","027","Dodge","43.46611","-88.62111"
"05/21/2022","AQS","550270001","1","0.1","ppm","1","HORICON WILDLIFE AREA","24","100.0000","42101","Carbon monoxide","13180","Beaver Dam, WI","55","Wisconsin","027","Dodge","43.46611","-88.62111"
"05/22/2022","AQS","550270001","1","0.1","ppm","1","HORICON WILDLIFE AREA","24","100.0000","42101","Carbon monoxide","13180","Beaver Dam, WI","55","Wisconsin","027","Dodge","43.46611","-88.62111"
"05/23/2022","AQS","550270001","1","0.1","ppm","1","HORICON WILDLIFE AREA","24","100.0000","42101","Carbon monoxide","13180","Beaver Dam, WI","55","Wisconsin","027","Dodge","43.46611","-88.62111"
"05/24/2022","AQS","550270001","1","0.2","ppm","2","HORICON WILDLIFE AREA","16","67.0000","42101","Carbon monoxide","13180","Beaver Dam, WI","55","Wisconsin","027","Dodge","43.46611","-88.62111"
"05/25/2022","AQS","550270001","1","0.2","ppm","2","HORICON WILDLIFE AREA","24","100.0000","42101","Carbon monoxide","13180","Beaver Dam, WI","55","Wisconsin","027","Dodge","43.46611","-88.62111"
"05/26/2022","AQS","550270001","1","0.2","ppm","2","HORICON WILDLIFE AREA","24","100.0000","42101","Carbon monoxide","13180","Beaver Dam, WI","55","Wisconsin","027","Dodge","43.46611","-88.62111"
"05/27/2022","AQS","550270001","1","0.2","ppm","2","HORICON WILDLIFE AREA","24","100.0000","42101","Carbon monoxide","13180","Beaver Dam, WI","55","Wisconsin","027","Dodge","43.46611","-88.62111"
"05/28/2022","AQS","550270001","1","0.2","ppm","2","HORICON WILDLIFE AREA","24","100.0000","42101","Carbon monoxide","13180","Beaver Dam, WI","55","Wisconsin","027","Dodge","43.46611","-88.62111"
"05/29/2022","AQS","550270001","1","0.2","ppm","2","HORICON WILDLIFE AREA","24","100.0000","42101","Carbon monoxide","13180","Beaver Dam, WI","55","Wisconsin","027","Dodge","43.46611","-88.62111"
"05/30/2022","AQS","550270001","1","0.2","ppm","2","HORICON WILDLIFE AREA","24","100.0000","42101","Carbon monoxide","13180","Beaver Dam, WI","55","Wisconsin","027","Dodge","43.46611","-88.62111"
"05/31/2022","AQS","550270001","1","0.2","ppm","2","HORICON WILDLIFE AREA","24","100.0000","42101","Carbon monoxide","13180","Beaver Dam, WI","55","Wisconsin","027","Dodge","43.46611","-88.62111"
"06/01/2022","AQS","550270001","1","0.1","ppm","1","HORICON WILDLIFE AREA","24","100.0000","42101","Carbon monoxide","13180","Beaver Dam, WI","55","Wisconsin","027","Dodge","43.46611","-88.62111"
"06/02/2022","AQS","550270001","1","0.2","ppm","2","HORICON WILDLIFE AREA","24","100.0000","42101","Carbon monoxide","13180","Beaver Dam, WI","55","Wisconsin","027","Dodge","43.46611","-88.62111"
"06/03/2022","AQS","550270001","1","0.1","ppm","1","HORICON WILDLIFE AREA","24","100.0000","42101","Carbon monoxide","13180","Beaver Dam, WI","55","Wisconsin","027","Dodge","43.46611","-88.62111"
"06/04/2022","AQS","550270001","1","0.2","ppm","2","HORICON WILDLIFE AREA","24","100.0000","42101","Carbon monoxide","13180","Beaver Dam, WI","55","Wisconsin","027","Dodge","43.46611","-88.62111"
"06/05/2022","AQS","550270001","1","0.2","ppm","2","HORICON WILDLIFE AREA","24","100.0000","42101","Carbon monoxide","13180","Beaver Dam, WI","55","Wisconsin","027","Dodge","43.46611","-88.62111"
"06/06/2022","AQS","550270001","1","0.2","ppm","2","HORICON WILDLIFE AREA","24","100.0000","42101","Carbon monoxide","13180","Beaver Dam, WI","55","Wisconsin","027","Dodge","43.46611","-88.62111"
"06/07/2022","AQS","550270001","1","0.2","ppm","2","HORICON WILDLIFE AREA","17","71.0000","42101","Carbon monoxide","13180","Beaver Dam, WI","55","Wisconsin","027","Dodge","43.46611","-88.62111"
"06/08/2022","AQS","550270001","1","0.2","ppm","2","HORICON WILDLIFE AREA","24","100.0000","42101","Carbon monoxide","13180","Beaver Dam, WI","55","Wisconsin","027","Dodge","43.46611","-88.62111"
"06/09/2022","AQS","550270001","1","0.1","ppm","1","HORICON WILDLIFE AREA","24","100.0000","42101","Carbon monoxide","13180","Beaver Dam, WI","55","Wisconsin","027","Dodge","43.46611","-88.62111"
"06/10/2022","AQS","550270001","1","0.2","ppm","2","HORICON WILDLIFE AREA","24","100.0000","42101","Carbon monoxide","13180","Beaver Dam, WI","55","Wisconsin","027","Dodge","43.46611","-88.62111"
"06/11/2022","AQS","550270001","1","0.2","ppm","2","HORICON WILDLIFE AREA","24","100.0000","42101","Carbon monoxide","13180","Beaver Dam, WI","55","Wisconsin","027","Dodge","43.46611","-88.62111"
"06/12/2022","AQS","550270001","1","0.2","ppm","2","HORICON WILDLIFE AREA","24","100.0000","42101","Carbon monoxide","13180","Beaver Dam, WI","55","Wisconsin","027","Dodge","43.46611","-88.62111"
"06/13/2022","AQS","550270001","1","0.2","ppm","2","HORICON WILDLIFE AREA","24","100.0000","42101","Carbon monoxide","13180","Beaver Dam, WI","55","Wisconsin","027","Dodge","43.46611","-88.62111"
"06/14/2022","AQS","550270001","1","0.2","ppm","2","HORICON WILDLIFE AREA","24","100.0000","42101","Carbon monoxide","13180","Beaver Dam, WI","55","Wisconsin","027","Dodge","43.46611","-88.62111"
"06/15/2022","AQS","550270001","1","0.2","ppm","2","HORICON WILDLIFE AREA","24","100.0000","42101","Carbon monoxide","13180","Beaver Dam, WI","55","Wisconsin","027","Dodge","43.46611","-88.62111"
"06/16/2022","AQS","550270001","1","0.1","ppm","1","HORICON WILDLIFE AREA","24","100.0000","42101","Carbon monoxide","13180","Beaver Dam, WI","55","Wisconsin","027","Dodge","43.46611","-88.62111"
"06/17/2022","AQS","550270001","1","0.4","ppm","5","HORICON WILDLIFE AREA","24","100.0000","42101","Carbon monoxide","13180","Beaver Dam, WI","55","Wisconsin","027","Dodge","43.46611","-88.62111"
"06/18/2022","AQS","550270001","1","0.2","ppm","2","HORICON WILDLIFE AREA","24","100.0000","42101","Carbon monoxide","13180","Beaver Dam, WI","55","Wisconsin","027","Dodge","43.46611","-88.62111"
"06/19/2022","AQS","550270001","1","0.2","ppm","2","HORICON WILDLIFE AREA","24","100.0000","42101","Carbon monoxide","13180","Beaver Dam, WI","55","Wisconsin","027","Dodge","43.46611","-88.62111"
"06/20/2022","AQS","550270001","1","0.2","ppm","2","HORICON WILDLIFE AREA","24","100.0000","42101","Carbon monoxide","13180","Beaver Dam, WI","55","Wisconsin","027","Dodge","43.46611","-88.62111"
"06/21/2022","AQS","550270001","1","0.2","ppm","2","HORICON WILDLIFE AREA","16","67.0000","42101","Carbon monoxide","13180","Beaver Dam, WI","55","Wisconsin","027","Dodge","43.46611","-88.62111"
"06/22/2022","AQS","550270001","1","0.1","ppm","1","HORICON WILDLIFE AREA","10","42.0000","42101","Carbon monoxide","13180","Beaver Dam, WI","55","Wisconsin","027","Dodge","43.46611","-88.62111"
"06/23/2022","AQS","550270001","1","0.2","ppm","2","HORICON WILDLIFE AREA","24","100.0000","42101","Carbon monoxide","13180","Beaver Dam, WI","55","Wisconsin","027","Dodge","43.46611","-88.62111"
"06/24/2022","AQS","550270001","1","0.2","ppm","2","HORICON WILDLIFE AREA","24","100.0000","42101","Carbon monoxide","13180","Beaver Dam, WI","55","Wisconsin","027","Dodge","43.46611","-88.62111"
"06/25/2022","AQS","550270001","1","0.2","ppm","2","HORICON WILDLIFE AREA","24","100.0000","42101","Carbon monoxide","13180","Beaver Dam, WI","55","Wisconsin","027","Dodge","43.46611","-88.62111"
"06/26/2022","AQS","550270001","1","0.2","ppm","2","HORICON WILDLIFE AREA","24","100.0000","42101","Carbon monoxide","13180","Beaver Dam, WI","55","Wisconsin","027","Dodge","43.46611","-88.62111"
"06/27/2022","AQS","550270001","1","0.1","ppm","1","HORICON WILDLIFE AREA","24","100.0000","42101","Carbon monoxide","13180","Beaver Dam, WI","55","Wisconsin","027","Dodge","43.46611","-88.62111"
"06/28/2022","AQS","550270001","1","0.2","ppm","2","HORICON WILDLIFE AREA","24","100.0000","42101","Carbon monoxide","13180","Beaver Dam, WI","55","Wisconsin","027","Dodge","43.46611","-88.62111"
"06/29/2022","AQS","550270001","1","0.2","ppm","2","HORICON WILDLIFE AREA","24","100.0000","42101","Carbon monoxide","13180","Beaver Dam, WI","55","Wisconsin","027","Dodge","43.46611","-88.62111"
"06/30/2022","AQS","550270001","1","0.2","ppm","2","HORICON WILDLIFE AREA","24","100.0000","42101","Carbon monoxide","13180","Beaver Dam, WI","55","Wisconsin","027","Dodge","43.46611","-88.62111"
"07/01/2022","AQS","550270001","1","0.2","ppm","2","HORICON WILDLIFE AREA","24","100.0000","42101","Carbon monoxide","13180","Beaver Dam, WI","55","Wisconsin","027","Dodge","43.46611","-88.62111"
"07/02/2022","AQS","550270001","1","0.1","ppm","1","HORICON WILDLIFE AREA","24","100.0000","42101","Carbon monoxide","13180","Beaver Dam, WI","55","Wisconsin","027","Dodge","43.46611","-88.62111"
"07/03/2022","AQS","550270001","1","0.2","ppm","2","HORICON WILDLIFE AREA","24","100.0000","42101","Carbon monoxide","13180","Beaver Dam, WI","55","Wisconsin","027","Dodge","43.46611","-88.62111"
"07/04/2022","AQS","550270001","1","0.2","ppm","2","HORICON WILDLIFE AREA","24","100.0000","42101","Carbon monoxide","13180","Beaver Dam, WI","55","Wisconsin","027","Dodge","43.46611","-88.62111"
"07/05/2022","AQS","550270001","1","0.2","ppm","2","HORICON WILDLIFE AREA","24","100.0000","42101","Carbon monoxide","13180","Beaver Dam, WI","55","Wisconsin","027","Dodge","43.46611","-88.62111"
"07/06/2022","AQS","550270001","1","0.2","ppm","2","HORICON WILDLIFE AREA","16","67.0000","42101","Carbon monoxide","13180","Beaver Dam, WI","55","Wisconsin","027","Dodge","43.46611","-88.62111"
"07/07/2022","AQS","550270001","1","0.3","ppm","3","HORICON WILDLIFE AREA","24","100.0000","42101","Carbon monoxide","13180","Beaver Dam, WI","55","Wisconsin","027","Dodge","43.46611","-88.62111"
"07/08/2022","AQS","550270001","1","0.3","ppm","3","HORICON WILDLIFE AREA","24","100.0000","42101","Carbon monoxide","13180","Beaver Dam, WI","55","Wisconsin","027","Dodge","43.46611","-88.62111"
"07/09/2022","AQS","550270001","1","0.2","ppm","2","HORICON WILDLIFE AREA","24","100.0000","42101","Carbon monoxide","13180","Beaver Dam, WI","55","Wisconsin","027","Dodge","43.46611","-88.62111"
"07/10/2022","AQS","550270001","1","0.2","ppm","2","HORICON WILDLIFE AREA","24","100.0000","42101","Carbon monoxide","13180","Beaver Dam, WI","55","Wisconsin","027","Dodge","43.46611","-88.62111"
"07/11/2022","AQS","550270001","1","0.2","ppm","2","HORICON WILDLIFE AREA","24","100.0000","42101","Carbon monoxide","13180","Beaver Dam, WI","55","Wisconsin","027","Dodge","43.46611","-88.62111"
"07/12/2022","AQS","550270001","1","0.2","ppm","2","HORICON WILDLIFE AREA","24","100.0000","42101","Carbon monoxide","13180","Beaver Dam, WI","55","Wisconsin","027","Dodge","43.46611","-88.62111"
"07/13/2022","AQS","550270001","1","0.2","ppm","2","HORICON WILDLIFE AREA","17","71.0000","42101","Carbon monoxide","13180","Beaver Dam, WI","55","Wisconsin","027","Dodge","43.46611","-88.62111"
"07/14/2022","AQS","550270001","1","0.2","ppm","2","HORICON WILDLIFE AREA","24","100.0000","42101","Carbon monoxide","13180","Beaver Dam, WI","55","Wisconsin","027","Dodge","43.46611","-88.62111"
"07/15/2022","AQS","550270001","1","0.2","ppm","2","HORICON WILDLIFE AREA","24","100.0000","42101","Carbon monoxide","13180","Beaver Dam, WI","55","Wisconsin","027","Dodge","43.46611","-88.62111"
"07/16/2022","AQS","550270001","1","0.3","ppm","3","HORICON WILDLIFE AREA","24","100.0000","42101","Carbon monoxide","13180","Beaver Dam, WI","55","Wisconsin","027","Dodge","43.46611","-88.62111"
"07/17/2022","AQS","550270001","1","0.3","ppm","3","HORICON WILDLIFE AREA","24","100.0000","42101","Carbon monoxide","13180","Beaver Dam, WI","55","Wisconsin","027","Dodge","43.46611","-88.62111"
"07/18/2022","AQS","550270001","1","0.2","ppm","2","HORICON WILDLIFE AREA","24","100.0000","42101","Carbon monoxide","13180","Beaver Dam, WI","55","Wisconsin","027","Dodge","43.46611","-88.62111"
"07/19/2022","AQS","550270001","1","0.3","ppm","3","HORICON WILDLIFE AREA","24","100.0000","42101","Carbon monoxide","13180","Beaver Dam, WI","55","Wisconsin","027","Dodge","43.46611","-88.62111"
"07/20/2022","AQS","550270001","1","0.3","ppm","3","HORICON WILDLIFE AREA","24","100.0000","42101","Carbon monoxide","13180","Beaver Dam, WI","55","Wisconsin","027","Dodge","43.46611","-88.62111"
"07/21/2022","AQS","550270001","1","0.3","ppm","3","HORICON WILDLIFE AREA","24","100.0000","42101","Carbon monoxide","13180","Beaver Dam, WI","55","Wisconsin","027","Dodge","43.46611","-88.62111"
"07/22/2022","AQS","550270001","1","0.2","ppm","2","HORICON WILDLIFE AREA","24","100.0000","42101","Carbon monoxide","13180","Beaver Dam, WI","55","Wisconsin","027","Dodge","43.46611","-88.62111"
"07/23/2022","AQS","550270001","1","0.2","ppm","2","HORICON WILDLIFE AREA","24","100.0000","42101","Carbon monoxide","13180","Beaver Dam, WI","55","Wisconsin","027","Dodge","43.46611","-88.62111"
"07/24/2022","AQS","550270001","1","0.2","ppm","2","HORICON WILDLIFE AREA","24","100.0000","42101","Carbon monoxide","13180","Beaver Dam, WI","55","Wisconsin","027","Dodge","43.46611","-88.62111"
"07/25/2022","AQS","550270001","1","0.2","ppm","2","HORICON WILDLIFE AREA","17","71.0000","42101","Carbon monoxide","13180","Beaver Dam, WI","55","Wisconsin","027","Dodge","43.46611","-88.62111"
"07/26/2022","AQS","550270001","1","0.3","ppm","3","HORICON WILDLIFE AREA","24","100.0000","42101","Carbon monoxide","13180","Beaver Dam, WI","55","Wisconsin","027","Dodge","43.46611","-88.62111"
"07/27/2022","AQS","550270001","1","0.2","ppm","2","HORICON WILDLIFE AREA","24","100.0000","42101","Carbon monoxide","13180","Beaver Dam, WI","55","Wisconsin","027","Dodge","43.46611","-88.62111"
"07/28/2022","AQS","550270001","1","0.2","ppm","2","HORICON WILDLIFE AREA","24","100.0000","42101","Carbon monoxide","13180","Beaver Dam, WI","55","Wisconsin","027","Dodge","43.46611","-88.62111"
"07/29/2022","AQS","550270001","1","0.2","ppm","2","HORICON WILDLIFE AREA","24","100.0000","42101","Carbon monoxide","13180","Beaver Dam, WI","55","Wisconsin","027","Dodge","43.46611","-88.62111"
"07/30/2022","AQS","550270001","1","0.3","ppm","3","HORICON WILDLIFE AREA","24","100.0000","42101","Carbon monoxide","13180","Beaver Dam, WI","55","Wisconsin","027","Dodge","43.46611","-88.62111"
"07/31/2022","AQS","550270001","1","0.3","ppm","3","HORICON WILDLIFE AREA","24","100.0000","42101","Carbon monoxide","13180","Beaver Dam, WI","55","Wisconsin","027","Dodge","43.46611","-88.62111"
"08/01/2022","AQS","550270001","1","0.2","ppm","2","HORICON WILDLIFE AREA","24","100.0000","42101","Carbon monoxide","13180","Beaver Dam, WI","55","Wisconsin","027","Dodge","43.46611","-88.62111"
"08/02/2022","AQS","550270001","1","0.2","ppm","2","HORICON WILDLIFE AREA","24","100.0000","42101","Carbon monoxide","13180","Beaver Dam, WI","55","Wisconsin","027","Dodge","43.46611","-88.62111"
"08/03/2022","AQS","550270001","1","0.2","ppm","2","HORICON WILDLIFE AREA","24","100.0000","42101","Carbon monoxide","13180","Beaver Dam, WI","55","Wisconsin","027","Dodge","43.46611","-88.62111"
"08/04/2022","AQS","550270001","1","0.2","ppm","2","HORICON WILDLIFE AREA","24","100.0000","42101","Carbon monoxide","13180","Beaver Dam, WI","55","Wisconsin","027","Dodge","43.46611","-88.62111"
"08/05/2022","AQS","550270001","1","0.3","ppm","3","HORICON WILDLIFE AREA","24","100.0000","42101","Carbon monoxide","13180","Beaver Dam, WI","55","Wisconsin","027","Dodge","43.46611","-88.62111"
"08/06/2022","AQS","550270001","1","0.3","ppm","3","HORICON WILDLIFE AREA","24","100.0000","42101","Carbon monoxide","13180","Beaver Dam, WI","55","Wisconsin","027","Dodge","43.46611","-88.62111"
"08/07/2022","AQS","550270001","1","0.3","ppm","3","HORICON WILDLIFE AREA","24","100.0000","42101","Carbon monoxide","13180","Beaver Dam, WI","55","Wisconsin","027","Dodge","43.46611","-88.62111"
"08/08/2022","AQS","550270001","1","0.2","ppm","2","HORICON WILDLIFE AREA","24","100.0000","42101","Carbon monoxide","13180","Beaver Dam, WI","55","Wisconsin","027","Dodge","43.46611","-88.62111"
"08/09/2022","AQS","550270001","1","0.2","ppm","2","HORICON WILDLIFE AREA","24","100.0000","42101","Carbon monoxide","13180","Beaver Dam, WI","55","Wisconsin","027","Dodge","43.46611","-88.62111"
"08/10/2022","AQS","550270001","1","0.2","ppm","2","HORICON WILDLIFE AREA","16","67.0000","42101","Carbon monoxide","13180","Beaver Dam, WI","55","Wisconsin","027","Dodge","43.46611","-88.62111"
"08/11/2022","AQS","550270001","1","0.2","ppm","2","HORICON WILDLIFE AREA","24","100.0000","42101","Carbon monoxide","13180","Beaver Dam, WI","55","Wisconsin","027","Dodge","43.46611","-88.62111"
"08/12/2022","AQS","550270001","1","0.2","ppm","2","HORICON WILDLIFE AREA","24","100.0000","42101","Carbon monoxide","13180","Beaver Dam, WI","55","Wisconsin","027","Dodge","43.46611","-88.62111"
"08/13/2022","AQS","550270001","1","0.3","ppm","3","HORICON WILDLIFE AREA","24","100.0000","42101","Carbon monoxide","13180","Beaver Dam, WI","55","Wisconsin","027","Dodge","43.46611","-88.62111"
"08/14/2022","AQS","550270001","1","0.3","ppm","3","HORICON WILDLIFE AREA","24","100.0000","42101","Carbon monoxide","13180","Beaver Dam, WI","55","Wisconsin","027","Dodge","43.46611","-88.62111"
"08/15/2022","AQS","550270001","1","0.2","ppm","2","HORICON WILDLIFE AREA","24","100.0000","42101","Carbon monoxide","13180","Beaver Dam, WI","55","Wisconsin","027","Dodge","43.46611","-88.62111"
"08/16/2022","AQS","550270001","1","0.2","ppm","2","HORICON WILDLIFE AREA","24","100.0000","42101","Carbon monoxide","13180","Beaver Dam, WI","55","Wisconsin","027","Dodge","43.46611","-88.62111"
"08/17/2022","AQS","550270001","1","0.2","ppm","2","HORICON WILDLIFE AREA","24","100.0000","42101","Carbon monoxide","13180","Beaver Dam, WI","55","Wisconsin","027","Dodge","43.46611","-88.62111"
"08/18/2022","AQS","550270001","1","0.2","ppm","2","HORICON WILDLIFE AREA","24","100.0000","42101","Carbon monoxide","13180","Beaver Dam, WI","55","Wisconsin","027","Dodge","43.46611","-88.62111"
"08/19/2022","AQS","550270001","1","0.2","ppm","2","HORICON WILDLIFE AREA","24","100.0000","42101","Carbon monoxide","13180","Beaver Dam, WI","55","Wisconsin","027","Dodge","43.46611","-88.62111"
"08/20/2022","AQS","550270001","1","0.2","ppm","2","HORICON WILDLIFE AREA","24","100.0000","42101","Carbon monoxide","13180","Beaver Dam, WI","55","Wisconsin","027","Dodge","43.46611","-88.62111"
"08/21/2022","AQS","550270001","1","0.2","ppm","2","HORICON WILDLIFE AREA","24","100.0000","42101","Carbon monoxide","13180","Beaver Dam, WI","55","Wisconsin","027","Dodge","43.46611","-88.62111"
"08/22/2022","AQS","550270001","1","0.2","ppm","2","HORICON WILDLIFE AREA","24","100.0000","42101","Carbon monoxide","13180","Beaver Dam, WI","55","Wisconsin","027","Dodge","43.46611","-88.62111"
"08/23/2022","AQS","550270001","1","0.2","ppm","2","HORICON WILDLIFE AREA","24","100.0000","42101","Carbon monoxide","13180","Beaver Dam, WI","55","Wisconsin","027","Dodge","43.46611","-88.62111"
"08/24/2022","AQS","550270001","1","0.3","ppm","3","HORICON WILDLIFE AREA","19","79.0000","42101","Carbon monoxide","13180","Beaver Dam, WI","55","Wisconsin","027","Dodge","43.46611","-88.62111"
"08/25/2022","AQS","550270001","1","0.2","ppm","2","HORICON WILDLIFE AREA","24","100.0000","42101","Carbon monoxide","13180","Beaver Dam, WI","55","Wisconsin","027","Dodge","43.46611","-88.62111"
"08/26/2022","AQS","550270001","1","0.2","ppm","2","HORICON WILDLIFE AREA","24","100.0000","42101","Carbon monoxide","13180","Beaver Dam, WI","55","Wisconsin","027","Dodge","43.46611","-88.62111"
"08/27/2022","AQS","550270001","1","0.3","ppm","3","HORICON WILDLIFE AREA","24","100.0000","42101","Carbon monoxide","13180","Beaver Dam, WI","55","Wisconsin","027","Dodge","43.46611","-88.62111"
"08/28/2022","AQS","550270001","1","0.3","ppm","3","HORICON WILDLIFE AREA","24","100.0000","42101","Carbon monoxide","13180","Beaver Dam, WI","55","Wisconsin","027","Dodge","43.46611","-88.62111"
"08/29/2022","AQS","550270001","1","0.2","ppm","2","HORICON WILDLIFE AREA","24","100.0000","42101","Carbon monoxide","13180","Beaver Dam, WI","55","Wisconsin","027","Dodge","43.46611","-88.62111"
"08/30/2022","AQS","550270001","1","0.2","ppm","2","HORICON WILDLIFE AREA","24","100.0000","42101","Carbon monoxide","13180","Beaver Dam, WI","55","Wisconsin","027","Dodge","43.46611","-88.62111"
"08/31/2022","AQS","550270001","1","0.2","ppm","2","HORICON WILDLIFE AREA","24","100.0000","42101","Carbon monoxide","13180","Beaver Dam, WI","55","Wisconsin","027","Dodge","43.46611","-88.62111"
"09/01/2022","AQS","550270001","1","0.2","ppm","2","HORICON WILDLIFE AREA","24","100.0000","42101","Carbon monoxide","13180","Beaver Dam, WI","55","Wisconsin","027","Dodge","43.46611","-88.62111"
"09/02/2022","AQS","550270001","1","0.2","ppm","2","HORICON WILDLIFE AREA","24","100.0000","42101","Carbon monoxide","13180","Beaver Dam, WI","55","Wisconsin","027","Dodge","43.46611","-88.62111"
"09/03/2022","AQS","550270001","1","0.2","ppm","2","HORICON WILDLIFE AREA","24","100.0000","42101","Carbon monoxide","13180","Beaver Dam, WI","55","Wisconsin","027","Dodge","43.46611","-88.62111"
"09/04/2022","AQS","550270001","1","0.2","ppm","2","HORICON WILDLIFE AREA","24","100.0000","42101","Carbon monoxide","13180","Beaver Dam, WI","55","Wisconsin","027","Dodge","43.46611","-88.62111"
"09/05/2022","AQS","550270001","1","0.2","ppm","2","HORICON WILDLIFE AREA","24","100.0000","42101","Carbon monoxide","13180","Beaver Dam, WI","55","Wisconsin","027","Dodge","43.46611","-88.62111"
"09/06/2022","AQS","550270001","1","0.2","ppm","2","HORICON WILDLIFE AREA","24","100.0000","42101","Carbon monoxide","13180","Beaver Dam, WI","55","Wisconsin","027","Dodge","43.46611","-88.62111"
"09/07/2022","AQS","550270001","1","0.2","ppm","2","HORICON WILDLIFE AREA","22","92.0000","42101","Carbon monoxide","13180","Beaver Dam, WI","55","Wisconsin","027","Dodge","43.46611","-88.62111"
"09/08/2022","AQS","550270001","1","0.3","ppm","3","HORICON WILDLIFE AREA","24","100.0000","42101","Carbon monoxide","13180","Beaver Dam, WI","55","Wisconsin","027","Dodge","43.46611","-88.62111"
"09/09/2022","AQS","550270001","1","0.2","ppm","2","HORICON WILDLIFE AREA","24","100.0000","42101","Carbon monoxide","13180","Beaver Dam, WI","55","Wisconsin","027","Dodge","43.46611","-88.62111"
"09/10/2022","AQS","550270001","1","0.2","ppm","2","HORICON WILDLIFE AREA","24","100.0000","42101","Carbon monoxide","13180","Beaver Dam, WI","55","Wisconsin","027","Dodge","43.46611","-88.62111"
"09/11/2022","AQS","550270001","1","0.2","ppm","2","HORICON WILDLIFE AREA","24","100.0000","42101","Carbon monoxide","13180","Beaver Dam, WI","55","Wisconsin","027","Dodge","43.46611","-88.62111"
"09/12/2022","AQS","550270001","1","0.2","ppm","2","HORICON WILDLIFE AREA","24","100.0000","42101","Carbon monoxide","13180","Beaver Dam, WI","55","Wisconsin","027","Dodge","43.46611","-88.62111"
"09/13/2022","AQS","550270001","1","0.2","ppm","2","HORICON WILDLIFE AREA","24","100.0000","42101","Carbon monoxide","13180","Beaver Dam, WI","55","Wisconsin","027","Dodge","43.46611","-88.62111"
"09/14/2022","AQS","550270001","1","0.2","ppm","2","HORICON WILDLIFE AREA","24","100.0000","42101","Carbon monoxide","13180","Beaver Dam, WI","55","Wisconsin","027","Dodge","43.46611","-88.62111"
"09/15/2022","AQS","550270001","1","0.3","ppm","3","HORICON WILDLIFE AREA","24","100.0000","42101","Carbon monoxide","13180","Beaver Dam, WI","55","Wisconsin","027","Dodge","43.46611","-88.62111"
"09/16/2022","AQS","550270001","1","0.3","ppm","3","HORICON WILDLIFE AREA","24","100.0000","42101","Carbon monoxide","13180","Beaver Dam, WI","55","Wisconsin","027","Dodge","43.46611","-88.62111"
"09/17/2022","AQS","550270001","1","0.3","ppm","3","HORICON WILDLIFE AREA","24","100.0000","42101","Carbon monoxide","13180","Beaver Dam, WI","55","Wisconsin","027","Dodge","43.46611","-88.62111"
"09/18/2022","AQS","550270001","1","0.3","ppm","3","HORICON WILDLIFE AREA","24","100.0000","42101","Carbon monoxide","13180","Beaver Dam, WI","55","Wisconsin","027","Dodge","43.46611","-88.62111"
"09/19/2022","AQS","550270001","1","0.3","ppm","3","HORICON WILDLIFE AREA","18","75.0000","42101","Carbon monoxide","13180","Beaver Dam, WI","55","Wisconsin","027","Dodge","43.46611","-88.62111"
"09/20/2022","AQS","550270001","1","0.3","ppm","3","HORICON WILDLIFE AREA","24","100.0000","42101","Carbon monoxide","13180","Beaver Dam, WI","55","Wisconsin","027","Dodge","43.46611","-88.62111"
"09/21/2022","AQS","550270001","1","0.3","ppm","3","HORICON WILDLIFE AREA","24","100.0000","42101","Carbon monoxide","13180","Beaver Dam, WI","55","Wisconsin","027","Dodge","43.46611","-88.62111"
"09/22/2022","AQS","550270001","1","0.2","ppm","2","HORICON WILDLIFE AREA","24","100.0000","42101","Carbon monoxide","13180","Beaver Dam, WI","55","Wisconsin","027","Dodge","43.46611","-88.62111"
"09/23/2022","AQS","550270001","1","0.2","ppm","2","HORICON WILDLIFE AREA","24","100.0000","42101","Carbon monoxide","13180","Beaver Dam, WI","55","Wisconsin","027","Dodge","43.46611","-88.62111"
"09/24/2022","AQS","550270001","1","0.2","ppm","2","HORICON WILDLIFE AREA","24","100.0000","42101","Carbon monoxide","13180","Beaver Dam, WI","55","Wisconsin","027","Dodge","43.46611","-88.62111"
"09/25/2022","AQS","550270001","1","0.2","ppm","2","HORICON WILDLIFE AREA","24","100.0000","42101","Carbon monoxide","13180","Beaver Dam, WI","55","Wisconsin","027","Dodge","43.46611","-88.62111"
"09/26/2022","AQS","550270001","1","0.2","ppm","2","HORICON WILDLIFE AREA","24","100.0000","42101","Carbon monoxide","13180","Beaver Dam, WI","55","Wisconsin","027","Dodge","43.46611","-88.62111"
"09/27/2022","AQS","550270001","1","0.2","ppm","2","HORICON WILDLIFE AREA","24","100.0000","42101","Carbon monoxide","13180","Beaver Dam, WI","55","Wisconsin","027","Dodge","43.46611","-88.62111"
"09/28/2022","AQS","550270001","1","0.2","ppm","2","HORICON WILDLIFE AREA","24","100.0000","42101","Carbon monoxide","13180","Beaver Dam, WI","55","Wisconsin","027","Dodge","43.46611","-88.62111"
"09/29/2022","AQS","550270001","1","0.2","ppm","2","HORICON WILDLIFE AREA","24","100.0000","42101","Carbon monoxide","13180","Beaver Dam, WI","55","Wisconsin","027","Dodge","43.46611","-88.62111"
"09/30/2022","AQS","550270001","1","0.3","ppm","3","HORICON WILDLIFE AREA","24","100.0000","42101","Carbon monoxide","13180","Beaver Dam, WI","55","Wisconsin","027","Dodge","43.46611","-88.62111"
"10/01/2022","AQS","550270001","1","0.3","ppm","3","HORICON WILDLIFE AREA","2","8.0000","42101","Carbon monoxide","13180","Beaver Dam, WI","55","Wisconsin","027","Dodge","43.46611","-88.62111"
